name,market,date,open,high,low,close,volume,MA5,MA15,ma_signal,trade_signal,position,note
君实生物,港股,2025-07-02,21.6,22.55,21.1,21.5,10907170.0,,,,HOLD,空仓,
君实生物,港股,2025-07-03,21.8,24.1,21.35,24.0,16970400.0,,,,HOLD,空仓,
君实生物,港股,2025-07-04,24.2,26.5,24.2,24.75,23951246.0,,,,HOLD,空仓,
君实生物,港股,2025-07-07,25.15,26.15,23.55,23.9,12117000.0,,,,HOLD,空仓,
君实生物,港股,2025-07-08,24.2,25.35,23.65,24.35,9094600.0,23.7,,,HOLD,空仓,
君实生物,港股,2025-07-09,24.3,26.0,23.4,24.8,10386000.0,24.36,,,HOLD,空仓,
君实生物,港股,2025-07-10,25.45,25.45,23.5,23.55,7880800.0,24.27,,,HOLD,空仓,
君实生物,港股,2025-07-11,24.0,24.15,22.75,23.3,9986800.0,23.98,,,HOLD,空仓,
君实生物,港股,2025-07-14,23.3,23.85,22.45,23.4,8594000.0,23.88,,,HOLD,空仓,
君实生物,港股,2025-07-15,23.55,24.7,22.85,24.1,9967800.0,23.83,,,HOLD,空仓,
君实生物,港股,2025-07-16,24.35,25.2,23.85,24.7,8487800.0,23.81,,,HOLD,空仓,
君实生物,港股,2025-07-17,24.8,25.8,24.8,25.1,11479200.0,24.12,,,HOLD,空仓,
君实生物,港股,2025-07-18,25.75,25.95,24.7,25.2,7415600.0,24.5,,,HOLD,空仓,
君实生物,港股,2025-07-21,25.5,25.5,23.9,25.1,7312200.0,24.84,,,HOLD,空仓,
君实生物,港股,2025-07-22,25.3,27.5,24.8,24.95,12884000.0,25.01,24.18,,HOLD,空仓,
君实生物,港股,2025-07-23,25.4,25.55,24.0,24.25,9623630.0,24.92,24.3633,,HOLD,空仓,
君实生物,港股,2025-07-24,24.4,25.65,24.25,25.3,9252000.0,24.96,24.45,,HOLD,空仓,
君实生物,港股,2025-07-25,25.6,26.5,24.55,24.9,8731200.0,24.9,24.46,,HOLD,空仓,
君实生物,港股,2025-07-28,25.4,27.7,24.9,27.3,16334800.0,25.34,24.6867,,HOLD,空仓,
君实生物,港股,2025-07-29,27.4,28.75,26.6,28.7,14691600.0,26.09,24.9767,,HOLD,空仓,
君实生物,港股,2025-07-30,28.5,29.0,25.9,26.6,17084000.0,26.56,25.0967,,HOLD,空仓,
君实生物,港股,2025-07-31,26.4,26.95,25.15,25.5,12274800.0,26.6,25.2267,,HOLD,空仓,
君实生物,港股,2025-08-01,25.9,26.45,24.35,24.55,7150400.0,26.53,25.31,,HOLD,空仓,
君实生物,港股,2025-08-04,24.22,24.5,23.5,24.06,10929298.0,25.882,25.354,,HOLD,空仓,
君实生物,港股,2025-08-05,24.38,32.58,24.22,32.18,43950060.0,26.578,25.8927,,HOLD,空仓,
君实生物,港股,2025-08-06,29.52,31.8,28.32,28.76,38666166.0,27.01,26.1633,,HOLD,空仓,
君实生物,港股,2025-08-07,29.06,29.5,27.04,27.28,15204180.0,27.366,26.3087,,HOLD,空仓,
君实生物,港股,2025-08-08,27.78,30.84,26.7,29.16,30444698.0,28.288,26.5727,,HOLD,空仓,
君实生物,港股,2025-08-11,29.4,31.44,28.24,30.26,20576780.0,29.528,26.9167,,HOLD,空仓,
君实生物,港股,2025-08-12,30.2,31.98,28.58,29.5,14896800.0,28.992,27.22,,HOLD,空仓,
君实生物,港股,2025-08-13,29.98,31.72,29.58,30.74,16428600.0,29.388,27.6527,,HOLD,空仓,
君实生物,港股,2025-08-14,31.0,33.06,30.8,32.44,18859200.0,30.42,28.1287,,HOLD,空仓,
君实生物,港股,2025-08-15,31.48,32.6,30.86,32.0,14422730.0,30.988,28.602,,HOLD,空仓,
君实生物,港股,2025-08-18,32.46,37.86,32.46,36.24,27006000.0,32.184,29.198,,HOLD,空仓,
君实生物,港股,2025-08-19,36.5,37.64,34.12,34.92,19461600.0,33.268,29.6127,,HOLD,空仓,
君实生物,港股,2025-08-20,35.48,35.68,32.72,33.5,10460900.0,33.82,30.0727,,HOLD,空仓,
君实生物,港股,2025-08-21,33.9,35.26,33.2,34.32,8816400.0,34.196,30.6607,,HOLD,空仓,
君实生物,港股,2025-08-22,34.58,35.14,34.0,34.22,7136300.0,34.64,31.3053,,HOLD,空仓,
君实生物,港股,2025-08-25,34.68,35.88,34.04,34.84,10214200.0,34.36,32.024,,HOLD,空仓,
君实生物,港股,2025-08-26,34.58,35.5,32.0,32.6,11051200.0,33.896,32.052,,HOLD,空仓,
君实生物,港股,2025-08-27,34.5,34.5,30.3,30.54,13328495.0,33.304,32.1707,,HOLD,空仓,
君实生物,港股,2025-08-28,31.04,31.34,28.72,29.8,14125147.0,32.4,32.3387,,HOLD,空仓,
君实生物,港股,2025-08-29,29.92,31.8,29.72,30.98,9893974.0,31.752,32.46,死叉,HOLD,空仓,
君实生物,港股,2025-09-01,31.42,33.34,31.4,32.98,10834800.0,31.38,32.6413,,HOLD,空仓,
君实生物,港股,2025-09-02,32.98,33.46,31.32,32.3,9028700.0,31.32,32.828,,HOLD,空仓,
君实生物,港股,2025-09-03,33.0,33.8,32.32,32.54,7207800.0,31.72,32.948,,HOLD,空仓,
君实生物,港股,2025-09-04,33.6,33.6,30.72,30.82,7602400.0,31.924,32.84,,HOLD,空仓,
君实生物,港股,2025-09-05,31.36,35.1,30.68,34.5,19245000.0,32.628,33.0067,,HOLD,空仓,
君实生物,港股,2025-09-08,34.98,35.84,34.08,35.4,10749400.0,33.112,32.9507,金叉,BUY,持仓,→ 次日(2025-09-09)开盘买入 @ 35.18
君实生物,港股,2025-09-09,35.18,38.64,34.08,36.84,17509600.0,34.02,33.0787,,HOLD,持仓,
君实生物,港股,2025-09-10,37.44,37.96,34.4,34.92,13426200.0,34.496,33.1733,,HOLD,持仓,
君实生物,港股,2025-09-11,32.38,34.5,31.0,33.58,19391200.0,35.048,33.124,,HOLD,持仓,
君实生物,港股,2025-09-12,34.82,34.82,32.82,33.74,11440600.0,34.896,33.092,,HOLD,持仓,
君实生物,港股,2025-09-15,34.0,34.16,32.68,32.9,7489600.0,34.396,32.9627,,HOLD,持仓,
君实生物,港股,2025-09-16,33.5,33.78,32.14,33.22,6743600.0,33.672,33.004,,HOLD,持仓,
君实生物,港股,2025-09-17,33.36,33.58,31.88,32.22,8764800.0,33.132,33.116,,HOLD,持仓,
君实生物,港股,2025-09-18,32.6,33.88,31.82,32.76,11563448.0,32.968,33.3133,死叉,SELL,空仓,→ 次日(2025-09-19)开盘卖出 @ 33.06 (盈亏: -6.03%)
君实生物,港股,2025-09-19,33.06,33.38,31.2,32.1,8191952.0,32.64,33.388,,HOLD,空仓,
君实生物,港股,2025-09-22,32.14,32.28,30.34,30.6,11626000.0,32.18,33.2293,,HOLD,空仓,
君实生物,港股,2025-09-23,31.0,31.06,29.16,30.1,10984044.0,31.556,33.0827,,HOLD,空仓,
君实生物,港股,2025-09-24,30.1,30.6,29.2,29.66,6987604.0,31.044,32.8907,,HOLD,空仓,
君实生物,港股,2025-09-25,30.26,32.02,29.92,30.92,9740504.0,30.676,32.8973,,HOLD,空仓,
君实生物,港股,2025-09-26,30.76,31.18,29.82,29.82,5121600.0,30.22,32.5853,,HOLD,空仓,
君实生物,港股,2025-09-29,29.9,30.22,28.7,29.62,8402600.0,30.024,32.2,,HOLD,空仓,
君实生物,港股,2025-09-30,29.92,30.74,29.86,30.46,4515400.0,30.096,31.7747,,HOLD,空仓,
君实生物,港股,2025-10-02,30.98,32.62,30.86,32.62,1944040.0,30.688,31.6213,,HOLD,空仓,
君实生物,港股,2025-10-03,32.62,32.62,31.4,31.76,420200.0,30.856,31.5,,HOLD,空仓,
君实生物,港股,2025-10-06,31.24,31.5,30.56,31.08,526457.0,31.108,31.3227,,HOLD,空仓,
君实生物,港股,2025-10-08,30.66,31.7,30.28,31.6,986513.0,31.504,31.236,金叉,BUY,持仓,→ 次日(2025-10-09)开盘买入 @ 31.8
君实生物,港股,2025-10-09,31.8,31.8,29.7,29.7,5393600.0,31.352,31.0013,,HOLD,持仓,
君实生物,港股,2025-10-10,29.8,30.44,28.28,29.58,5150702.0,30.744,30.8253,死叉,SELL,空仓,→ 次日(2025-10-13)开盘卖出 @ 26.84 (盈亏: -15.6%)
君实生物,港股,2025-10-13,26.84,28.4,26.4,27.02,12529497.0,29.796,30.4427,,HOLD,空仓,
君实生物,港股,2025-10-14,27.64,27.64,25.1,26.3,8307464.0,28.84,30.056,,HOLD,空仓,
君实生物,港股,2025-10-15,26.3,26.44,25.1,26.16,7243600.0,27.752,29.76,,HOLD,空仓,
君实生物,港股,2025-10-16,26.28,27.7,26.02,26.72,6062200.0,27.156,29.5347,,HOLD,空仓,
君实生物,港股,2025-10-17,28.04,28.56,26.0,26.26,7789576.0,26.492,29.308,,HOLD,空仓,
君实生物,港股,2025-10-20,26.82,27.2,26.26,26.66,3718400.0,26.42,29.024,,HOLD,空仓,
君实生物,港股,2025-10-21,27.0,27.46,26.52,26.78,3609000.0,26.516,28.8213,,HOLD,空仓,
君实生物,港股,2025-10-22,26.86,27.78,25.98,26.36,4801514.0,26.556,28.604,,HOLD,空仓,
君实生物,港股,2025-10-23,26.5,26.5,24.78,25.32,7056606.0,26.276,28.2613,,HOLD,空仓,
君实生物,港股,2025-10-24,25.6,25.66,25.0,25.06,3469200.0,26.036,27.7573,,HOLD,空仓,
君实生物,港股,2025-10-27,25.66,26.64,25.66,25.96,4710840.0,25.896,27.3707,,HOLD,空仓,
君实生物,港股,2025-10-28,26.64,26.64,25.04,25.16,3046472.0,25.572,26.976,,HOLD,空仓,
君实生物,港股,2025-10-30,25.42,25.42,23.9,25.06,5824486.0,25.312,26.54,,HOLD,空仓,
君实生物,港股,2025-10-31,25.12,26.7,25.04,26.58,7915800.0,25.564,26.332,,HOLD,空仓,
君实生物,港股,2025-11-03,26.7,27.68,26.26,26.7,5693534.0,25.892,26.14,,HOLD,空仓,
君实生物,港股,2025-11-04,26.58,26.9,25.9,26.12,2409800.0,25.924,26.08,,HOLD,空仓,
君实生物,港股,2025-11-05,26.1,26.28,25.44,25.8,2487640.0,26.052,26.0467,金叉,BUY,持仓,→ 次日(2025-11-06)开盘买入 @ 26.0
君实生物,港股,2025-11-06,26.0,26.1,25.34,25.98,1804200.0,26.236,26.0347,,HOLD,持仓,
君实生物,港股,2025-11-07,25.7,25.92,24.46,24.52,5889200.0,25.824,25.888,死叉,SELL,空仓,→ 次日(2025-11-10)开盘卖出 @ 25.32 (盈亏: -2.62%)
君实生物,港股,2025-11-10,25.32,25.76,24.5,25.4,2965600.0,25.564,25.8307,,HOLD,空仓,
君实生物,港股,2025-11-11,25.9,25.9,24.82,25.06,1532200.0,25.352,25.724,,HOLD,空仓,
君实生物,港股,2025-11-12,25.08,25.84,25.08,25.5,2388803.0,25.292,25.6387,,HOLD,空仓,
君实生物,港股,2025-11-13,25.86,26.48,25.68,26.3,3674600.0,25.356,25.6347,,HOLD,空仓,
君实生物,港股,2025-11-14,26.08,26.78,25.6,25.84,3096600.0,25.62,25.6693,,HOLD,空仓,
君实生物,港股,2025-11-17,25.98,25.98,24.5,24.74,3713524.0,25.488,25.648,,HOLD,空仓,
君实生物,港股,2025-11-18,24.9,25.26,24.16,24.42,2510508.0,25.36,25.5453,,HOLD,空仓,
君实生物,港股,2025-11-19,24.42,24.7,23.04,24.26,2892200.0,25.112,25.4853,,HOLD,空仓,
君实生物,港股,2025-11-20,24.44,24.66,23.98,24.56,1722600.0,24.764,25.452,,HOLD,空仓,
君实生物,港股,2025-11-21,23.82,24.48,23.3,23.46,2583200.0,24.288,25.244,,HOLD,空仓,
君实生物,港股,2025-11-24,23.5,24.04,23.36,23.8,2243349.0,24.1,25.0507,,HOLD,空仓,
君实生物,港股,2025-11-25,24.1,25.2,24.1,24.4,3155050.0,24.096,24.936,,HOLD,空仓,
君实生物,港股,2025-11-26,24.52,25.66,24.14,25.18,3287000.0,24.28,24.8947,,HOLD,空仓,
君实生物,港股,2025-11-27,25.22,25.8,25.12,25.44,2013200.0,24.456,24.8587,,HOLD,空仓,
君实生物,港股,2025-11-28,25.44,25.7,24.96,25.32,1725200.0,24.828,24.912,,HOLD,空仓,
君实生物,港股,2025-12-01,25.3,25.36,24.36,24.78,1988400.0,25.024,24.8707,金叉,BUY,持仓,→ 次日(2025-12-02)开盘买入 @ 24.76
君实生物,港股,2025-12-02,24.76,24.76,23.94,24.02,1959200.0,24.948,24.8013,,HOLD,持仓,
君实生物,港股,2025-12-03,24.2,24.2,23.5,23.7,1485800.0,24.652,24.6813,死叉,SELL,空仓,→ 次日(2025-12-04)开盘卖出 @ 24.18 (盈亏: -2.34%)
君实生物,港股,2025-12-04,24.18,24.18,23.72,23.96,1526000.0,24.356,24.5253,,HOLD,空仓,
君实生物,港股,2025-12-05,24.16,24.24,23.34,23.56,2959200.0,24.004,24.3733,,HOLD,空仓,
君实生物,港股,2025-12-08,24.02,24.5,23.54,23.76,2303800.0,23.8,24.308,,HOLD,空仓,
君实生物,港股,2025-12-09,23.98,24.36,23.34,23.54,3227200.0,23.704,24.2493,,HOLD,空仓,
君实生物,港股,2025-12-10,23.76,23.76,23.06,23.5,1531800.0,23.664,24.1987,,HOLD,空仓,
君实生物,港股,2025-12-11,23.66,24.38,23.18,23.5,2632200.0,23.572,24.128,,HOLD,空仓,
君实生物,港股,2025-12-12,23.6,24.36,23.22,24.0,3707600.0,23.66,24.164,,HOLD,空仓,
君实生物,港股,2025-12-15,24.36,25.14,23.64,23.82,5288200.0,23.672,24.1653,,HOLD,空仓,
君实生物,港股,2025-12-16,23.9,23.92,22.38,23.08,3084818.0,23.58,24.0773,,HOLD,空仓,
君实生物,港股,2025-12-17,22.98,23.12,22.3,22.98,2320634.0,23.476,23.9307,,HOLD,空仓,
君实生物,港股,2025-12-18,22.72,23.02,22.38,22.48,1953856.0,23.272,23.7333,,HOLD,空仓,
君实生物,港股,2025-12-19,22.48,23.72,22.22,23.24,2941400.0,23.12,23.5947,,HOLD,空仓,
君实生物,港股,2025-12-22,23.68,23.68,22.94,23.1,1858755.0,22.976,23.4827,,HOLD,空仓,
君实生物,港股,2025-12-23,23.38,24.0,22.72,23.48,2457200.0,23.056,23.4467,,HOLD,空仓,
君实生物,港股,2025-12-24,23.3,23.72,22.5,22.56,1389975.0,22.972,23.3707,,HOLD,空仓,
君实生物,港股,2025-12-29,22.6,22.94,22.02,22.04,2675400.0,22.884,23.2427,,HOLD,空仓,
君实生物,港股,2025-12-30,22.24,22.26,21.3,21.58,3758600.0,22.552,23.1107,,HOLD,空仓,
君实生物,港股,2025-12-31,21.62,21.72,21.08,21.34,2264400.0,22.2,22.9493,,HOLD,空仓,
君实生物,港股,2026-01-02,21.3,22.48,21.3,22.28,907400.0,21.96,22.8653,,HOLD,空仓,
君实生物,港股,2026-01-05,21.96,23.3,21.4,22.88,4156000.0,22.024,22.824,,HOLD,空仓,
君实生物,港股,2026-01-06,22.9,23.22,22.6,23.22,2541600.0,22.26,22.8053,,HOLD,空仓,
君实生物,港股,2026-01-07,23.34,24.1,23.22,24.02,3811400.0,22.748,22.8067,,HOLD,空仓,
君实生物,港股,2026-01-08,24.0,24.38,23.8,23.96,2550000.0,23.272,22.816,金叉,BUY,持仓,→ 次日(2026-01-09)开盘买入 @ 24.2
君实生物,港股,2026-01-09,24.2,25.38,23.68,25.16,3842004.0,23.848,22.9547,,HOLD,持仓,
君实生物,港股,2026-01-12,25.0,26.2,24.44,24.86,4194200.0,24.244,23.08,,HOLD,持仓,
君实生物,港股,2026-01-13,25.38,25.8,24.06,24.06,5578400.0,24.412,23.1853,,HOLD,持仓,
君实生物,港股,2026-01-14,24.32,24.84,23.88,24.5,4093587.0,24.508,23.2693,,HOLD,持仓,
君实生物,港股,2026-01-15,24.5,25.1,23.96,24.12,3111800.0,24.54,23.3373,,HOLD,持仓,
君实生物,港股,2026-01-16,24.18,24.68,23.9,24.12,2457294.0,24.332,23.38,,HOLD,持仓,
君实生物,港股,2026-01-19,24.08,24.08,23.3,23.46,2569800.0,24.052,23.44,,HOLD,持仓,
君实生物,港股,2026-01-20,23.78,23.78,23.0,23.28,2327200.0,23.896,23.5227,,HOLD,持仓,
君实生物,港股,2026-01-21,23.08,23.5,22.92,23.26,2060200.0,23.648,23.6347,,HOLD,持仓,
君实生物,港股,2026-01-22,23.4,23.66,22.54,22.66,1645804.0,23.356,23.7227,死叉,SELL,空仓,→ 次日(2026-01-23)开盘卖出 @ 22.66 (盈亏: -6.36%)
君实生物,港股,2026-01-23,22.66,23.4,22.6,22.74,2242000.0,23.08,23.7533,,HOLD,空仓,
君实生物,港股,2026-01-26,23.22,24.6,23.06,23.76,7505392.0,23.14,23.812,,HOLD,空仓,
君实生物,港股,2026-01-27,24.8,25.9,22.72,24.08,20079248.0,23.3,23.8693,,HOLD,空仓,
君实生物,港股,2026-01-28,24.42,24.42,22.82,22.86,8863000.0,23.22,23.792,,HOLD,空仓,
君实生物,港股,2026-01-29,22.92,22.94,22.0,22.14,5323592.0,23.116,23.6707,,HOLD,空仓,
君实生物,港股,2026-01-30,22.1,22.8,21.3,21.38,4249596.0,22.844,23.4187,,HOLD,空仓,
君实生物,港股,2026-02-02,21.38,21.66,20.3,20.5,4038996.0,22.192,23.128,,HOLD,空仓,
君实生物,港股,2026-02-03,20.56,21.08,20.22,20.74,3086592.0,21.524,22.9067,,HOLD,空仓,
君实生物,港股,2026-02-04,20.84,21.08,20.08,20.7,3899000.0,21.092,22.6533,,HOLD,空仓,
君实生物,港股,2026-02-05,20.7,21.0,20.34,20.88,1879992.0,20.84,22.4373,,HOLD,空仓,
君实生物,港股,2026-02-06,20.76,21.16,20.2,20.8,1590404.0,20.724,22.216,,HOLD,空仓,
君实生物,港股,2026-02-09,21.16,21.98,21.02,21.78,3135478.0,20.98,22.104,,HOLD,空仓,
君实生物,港股,2026-02-10,21.78,22.96,21.52,22.12,3136800.0,21.256,22.0267,,HOLD,空仓,
君实生物,港股,2026-02-11,22.14,22.78,21.48,21.52,1955694.0,21.42,21.9107,,HOLD,空仓,
君实生物,港股,2026-02-12,21.52,21.88,20.96,21.04,1340200.0,21.452,21.8027,,HOLD,空仓,
君实生物,港股,2026-02-13,21.0,21.42,20.9,21.42,1469596.0,21.576,21.7147,,HOLD,空仓,
君实生物,港股,2026-02-16,20.94,21.02,20.74,20.96,163000.0,21.412,21.528,,HOLD,空仓,
君实生物,港股,2026-02-20,20.96,21.98,20.86,21.88,586082.0,21.364,21.3813,,HOLD,空仓,
君实生物,港股,2026-02-23,21.88,22.28,21.7,21.84,710120.0,21.428,21.3133,金叉,BUY,持仓,→ 次日(2026-02-24)开盘买入 @ 21.7
君实生物,港股,2026-02-24,21.7,21.8,20.8,21.02,1295200.0,21.424,21.2387,,HOLD,持仓,
君实生物,港股,2026-02-25,21.34,21.44,21.06,21.26,745600.0,21.392,21.2307,,HOLD,持仓,
君实生物,港股,2026-02-26,21.46,21.46,20.2,20.22,2003200.0,21.244,21.212,,HOLD,持仓,
君实生物,港股,2026-02-27,20.22,20.84,20.22,20.48,1826788.0,20.964,21.1947,死叉,SELL,空仓,→ 次日(2026-03-02)开盘卖出 @ 20.2 (盈亏: -6.91%)
君实生物,港股,2026-03-02,20.2,20.2,19.09,19.17,3544000.0,20.43,21.0927,,HOLD,空仓,
君实生物,港股,2026-03-03,19.74,19.74,17.79,18.01,4619048.0,19.828,20.9013,,HOLD,空仓,
君实生物,港股,2026-03-04,17.81,18.25,17.58,17.93,2409800.0,19.162,20.71,,HOLD,空仓,
君实生物,港股,2026-03-05,18.36,18.74,18.2,18.47,2073400.0,18.812,20.4893,,HOLD,空仓,
君实生物,港股,2026-03-06,18.47,19.63,18.27,19.33,3830600.0,18.582,20.3033,,HOLD,空仓,
君实生物,港股,2026-03-09,18.9,19.05,18.36,18.96,2447800.0,18.54,20.1327,,HOLD,空仓,
君实生物,港股,2026-03-10,19.5,20.34,19.5,19.95,3740800.0,18.928,20.06,,HOLD,空仓,
君实生物,港股,2026-03-11,20.06,20.22,19.6,19.98,1699000.0,19.338,19.964,,HOLD,空仓,
君实生物,港股,2026-03-12,19.98,20.08,19.56,19.93,1491000.0,19.63,19.8953,,HOLD,空仓,
君实生物,港股,2026-03-13,19.9,20.06,19.32,20.06,1889000.0,19.776,19.774,金叉,BUY,持仓,→ 次日(2026-03-16)开盘买入 @ 20.1
君实生物,港股,2026-03-16,20.1,20.4,19.1,20.24,2634508.0,20.032,19.6673,,HOLD,持仓,
君实生物,港股,2026-03-17,20.24,21.7,20.24,20.92,4778800.0,20.226,19.6607,,HOLD,持仓,
君实生物,港股,2026-03-18,20.82,22.56,20.82,22.14,6248200.0,20.658,19.7193,,HOLD,持仓,
君实生物,港股,2026-03-19,21.8,22.7,21.54,21.76,4526800.0,21.024,19.822,,HOLD,持仓,
君实生物,港股,2026-03-20,21.72,23.16,21.38,21.9,5751000.0,21.392,19.9167,,HOLD,持仓,
君实生物,港股,2026-03-23,21.9,21.9,20.02,20.48,3417600.0,21.44,20.004,,HOLD,持仓,
君实生物,港股,2026-03-24,20.86,21.58,20.68,21.2,3099000.0,21.496,20.2167,,HOLD,持仓,
君实生物,港股,2026-03-25,21.78,21.9,21.1,21.28,1798200.0,21.324,20.44,,HOLD,持仓,
君实生物,港股,2026-03-26,21.76,21.96,21.0,21.2,2148400.0,21.212,20.622,,HOLD,持仓,
君实生物,港股,2026-03-27,20.94,22.84,20.88,22.54,4380302.0,21.34,20.836,,HOLD,持仓,
君实生物,港股,2026-03-30,22.42,23.2,22.34,23.08,4525800.0,21.86,21.1107,,HOLD,持仓,
君实生物,港股,2026-03-31,23.28,23.9,22.62,23.16,4155600.0,22.252,21.3247,,HOLD,持仓,
君实生物,港股,2026-04-01,23.6,26.18,23.6,25.84,13895652.0,23.164,21.7153,,HOLD,持仓,
君实生物,港股,2026-04-02,26.1,26.74,25.52,26.38,6380600.0,24.2,22.1453,,HOLD,持仓,
君实生物,港股,2026-04-08,26.46,26.8,24.64,25.42,7979400.0,24.776,22.5027,,HOLD,持仓,
君实生物,港股,2026-04-09,25.76,26.36,24.92,25.04,4851792.0,25.168,22.8227,,HOLD,持仓,
君实生物,港股,2026-04-10,25.08,25.48,24.8,24.94,2209008.0,25.524,23.0907,,HOLD,持仓,
君实生物,港股,2026-04-13,24.72,27.2,24.7,26.46,9216899.0,25.648,23.3787,,HOLD,持仓,
君实生物,港股,2026-04-14,26.26,26.44,25.28,25.78,3459000.0,25.528,23.6467,,HOLD,持仓,
君实生物,港股,2026-04-15,26.76,27.64,25.62,27.5,8368800.0,25.944,24.02,,HOLD,持仓,
君实生物,港股,2026-04-16,27.6,27.98,27.02,27.54,3902600.0,26.444,24.4907,,HOLD,持仓,
君实生物,港股,2026-04-17,27.88,29.26,27.52,28.96,8710197.0,27.248,25.008,,HOLD,持仓,
君实生物,港股,2026-04-20,29.28,30.8,28.6,28.6,8744600.0,27.676,25.496,,HOLD,持仓,
君实生物,港股,2026-04-21,28.6,29.2,28.04,28.12,4276400.0,28.144,25.9573,,HOLD,持仓,
君实生物,港股,2026-04-22,28.12,28.96,27.84,27.92,3400600.0,28.228,26.316,,HOLD,持仓,
君实生物,港股,2026-04-23,27.9,27.9,25.76,25.9,7309200.0,27.9,26.504,,HOLD,持仓,
君实生物,港股,2026-04-24,25.9,26.18,24.44,25.88,4458432.0,27.284,26.6853,,HOLD,持仓,
君实生物,港股,2026-04-27,25.86,26.54,25.1,26.08,5282800.0,26.78,26.7013,,HOLD,持仓,
君实生物,港股,2026-04-28,26.5,28.8,25.56,27.24,6997000.0,26.604,26.7587,死叉,SELL,空仓,→ 次日(2026-04-29)开盘卖出 @ 27.98 (盈亏: 39.2%)
君实生物,港股,2026-04-29,27.98,27.98,26.34,26.68,2731800.0,26.356,26.8427,,HOLD,空仓,
君实生物,港股,2026-04-30,26.6,27.5,26.26,26.32,2111902.0,26.44,26.928,,HOLD,空仓,
君实生物,港股,2026-05-04,26.3,26.42,24.86,25.2,900400.0,26.304,26.9453,,HOLD,空仓,
君实生物,港股,2026-05-05,25.0,25.24,24.38,24.86,541600.0,26.06,26.8387,,HOLD,空仓,
君实生物,港股,2026-05-06,24.92,25.34,24.7,25.3,3467400.0,25.672,26.8067,,HOLD,空仓,
君实生物,港股,2026-05-07,25.3,25.96,24.8,25.58,2672345.0,25.452,26.6787,,HOLD,空仓,
君实生物,港股,2026-05-08,25.94,25.94,24.3,24.48,2438200.0,25.084,26.4747,,HOLD,空仓,
君实生物,港股,2026-05-11,24.48,26.78,24.14,26.1,5038600.0,25.264,26.284,,HOLD,空仓,
君实生物,港股,2026-05-12,26.1,26.48,25.42,25.8,2435600.0,25.452,26.0973,,HOLD,空仓,
君实生物,港股,2026-05-13,26.0,26.3,24.58,24.88,4731400.0,25.368,25.8813,,HOLD,空仓,
君实生物,港股,2026-05-14,24.9,25.38,24.1,24.48,2266329.0,25.148,25.652,,HOLD,空仓,
君实生物,港股,2026-05-15,24.1,24.64,23.42,23.72,2595200.0,24.996,25.5067,,HOLD,空仓,
君实生物,港股,2026-05-18,23.64,23.64,22.68,22.88,3115000.0,24.352,25.3067,,HOLD,空仓,
君实生物,港股,2026-05-19,22.74,23.3,22.08,22.6,2648460.0,23.712,25.0747,,HOLD,空仓,
君实生物,港股,2026-05-20,23.24,23.48,22.6,23.16,2408200.0,23.368,24.8027,,HOLD,空仓,
君实生物,港股,2026-05-21,23.42,24.48,23.14,23.86,2969679.0,23.244,24.6147,,HOLD,空仓,
君实生物,港股,2026-05-22,24.38,24.38,23.04,23.16,1762048.0,23.132,24.404,,HOLD,空仓,
君实生物,港股,2026-05-26,23.16,23.16,21.44,21.66,4988952.0,22.888,24.168,,HOLD,空仓,
君实生物,港股,2026-05-27,22.2,22.2,20.76,21.0,3147000.0,22.568,23.9107,,HOLD,空仓,
君实生物,港股,2026-05-28,21.02,21.26,19.8,20.28,3005000.0,21.992,23.576,,HOLD,空仓,
君实生物,港股,2026-05-29,20.54,21.24,19.7,21.06,4766000.0,21.432,23.2747,,HOLD,空仓,
君实生物,港股,2026-06-01,21.3,22.0,19.0,19.35,10119400.0,20.67,22.9327,,HOLD,空仓,
君实生物,港股,2026-06-02,19.4,19.4,18.48,18.69,5448000.0,20.076,22.4387,,HOLD,空仓,
君实生物,港股,2026-06-03,18.7,18.94,17.94,18.11,4871000.0,19.498,21.926,,HOLD,空仓,
君实生物,港股,2026-06-04,17.93,18.37,17.24,17.6,3521600.0,18.962,21.4407,,HOLD,空仓,
君实生物,港股,2026-06-05,17.62,18.18,17.08,17.26,3360400.0,18.202,20.9593,,HOLD,空仓,
君实生物,港股,2026-06-08,17.1,17.17,16.55,16.73,1864931.0,17.678,20.4933,,HOLD,空仓,
君实生物,港股,2026-06-09,17.0,17.0,15.75,16.14,4615800.0,17.168,20.044,,HOLD,空仓,
君实生物,港股,2026-06-10,16.09,16.7,15.74,16.6,3627600.0,16.866,19.644,,HOLD,空仓,
君实生物,港股,2026-06-11,16.59,16.67,15.97,16.49,1954400.0,16.644,19.1993,,HOLD,空仓,
君实生物,港股,2026-06-12,16.96,17.53,16.31,17.29,4633600.0,16.65,18.7613,,HOLD,空仓,
君实生物,港股,2026-06-15,17.35,17.52,16.81,16.94,2908800.0,16.692,18.3467,,HOLD,空仓,
君实生物,港股,2026-06-16,16.9,16.9,16.23,16.51,1853400.0,16.766,18.0033,,HOLD,空仓,
君实生物,港股,2026-06-17,16.35,16.64,15.81,15.89,2616000.0,16.624,17.6627,,HOLD,空仓,
君实生物,港股,2026-06-18,15.8,16.57,15.74,16.38,2609600.0,16.602,17.4027,,HOLD,空仓,
君实生物,港股,2026-06-22,16.46,16.46,15.44,16.12,2958800.0,16.368,17.0733,,HOLD,空仓,
君实生物,港股,2026-06-23,16.24,16.92,16.0,16.25,2444000.0,16.23,16.8667,,HOLD,空仓,
君实生物,港股,2026-06-24,16.6,17.2,16.4,16.57,3884800.0,16.242,16.7253,,HOLD,空仓,
君实生物,港股,2026-06-25,16.4,16.57,15.69,16.14,3393786.0,16.292,16.594,,HOLD,空仓,
君实生物,港股,2026-06-26,16.0,16.4,15.25,15.37,3087400.0,16.09,16.4453,,HOLD,空仓,
君实生物,港股,2026-06-29,15.64,17.46,15.53,17.21,9426700.0,16.308,16.442,,HOLD,空仓,
君实生物,港股,2026-06-30,17.16,17.42,16.36,16.65,6739402.0,16.388,16.4367,,HOLD,空仓,
君实生物,港股,2026-07-02,18.5,19.06,17.85,18.17,9097600.0,16.708,16.572,金叉,BUY,持仓,→ 次日(2026-07-03)开盘买入 @ 18.32
君实生物,港股,2026-07-03,18.32,19.06,18.28,18.83,5347355.0,17.246,16.7207,,HOLD,持仓,
君实生物,港股,2026-07-06,19.06,20.38,18.74,19.18,8492802.0,18.008,16.9,,HOLD,持仓,
君实生物,港股,2026-07-07,19.2,19.43,18.56,18.77,3733200.0,18.32,16.9987,,HOLD,持仓,
君实生物,港股,2026-07-08,18.55,19.18,18.11,18.5,3845200.0,18.69,17.1027,,HOLD,持仓,
君实生物,港股,2026-07-09,18.85,19.32,18.08,18.58,3692800.0,18.772,17.2407,,HOLD,持仓,
君实生物,港股,2026-07-10,18.95,19.89,18.3,19.37,5128600.0,18.88,17.4727,,HOLD,持仓,
